Player,Span,Matches,Innings,No,Runs,HighestInningScore,Average,BallFaced,SR,Hundreds,Fifties,Fours,Sixes,Opposite Team
V Kohli,2019-2023,19,19,0,1046,123,55.05,1091,95.87,3,7,87,12,
Australia,,,,,,,,,,,,,,
RG Sharma,2019-2023,15,15,0,739,133,49.26,811,91.12,2,4,59,26,
Australia,,,,,,,,,,,,,,
S Dhawan,2019-2020,15,14,0,639,143,45.64,671,95.23,2,3,84,5,
Australia,,,,,,,,,,,,,,
KL Rahul,2019-2023,14,14,3,528,80,48.00,550,96.00,0,5,38,15,
Australia,,,,,,,,,,,,,,
SS Iyer,2019-2022,10,9,0,507,80,56.33,509,99.60,0,7,39,15,
West Indies,,,,,,,,,,,,,,
Shubman Gill,2019-2023,8,8,2,484,208,80.66,441,109.75,2,1,47,18,
New Zealand,,,,,,,,,,,,,,
V Kohli,2019-2023,11,9,1,421,120,52.62,428,98.36,2,2,51,1,
West Indies,,,,,,,,,,,,,,
RG Sharma,2019-2023,11,10,1,394,159,43.77,413,95.39,1,2,51,8,
West Indies,,,,,,,,,,,,,,
RG Sharma,2019-2023,9,9,0,356,101,39.55,413,86.19,1,3,33,15,
New Zealand,,,,,,,,,,,,,,
SS Iyer,2020-2022,6,5,0,346,103,69.20,362,95.58,1,3,39,6,
New Zealand,,,,,,,,,,,,,,
RA Jadeja,2019-2023,19,15,5,343,66*,34.30,425,80.70,0,1,20,9,
Australia,,,,,,,,,,,,,,
Shubman Gill,2022-2023,6,6,1,331,98*,66.20,357,92.71,0,3,35,4,
West Indies,,,,,,,,,,,,,,
HH Pandya,2019-2023,7,7,1,324,92*,54.00,284,114.08,0,2,25,11,
Australia,,,,,,,,,,,,,,
V Kohli,2019-2023,6,5,2,320,166*,106.66,259,123.55,2,0,29,9,
Sri Lanka,,,,,,,,,,,,,,
RR Pant,2019-2022,6,5,1,312,125*,78.00,249,125.30,1,2,28,13,
England,,,,,,,,,,,,,,
MS Dhoni,2019-2019,7,7,3,305,87*,76.25,393,77.60,0,4,20,6,
Australia,,,,,,,,,,,,,,
RG Sharma,2019-2023,6,5,0,298,103,59.60,279,106.81,1,2,34,11,
Sri Lanka,,,,,,,,,,,,,,
S Dhawan,2019-2022,8,8,1,291,75*,41.57,362,80.38,0,3,39,2,
New Zealand,,,,,,,,,,,,,,
RG Sharma,2019-2022,7,7,1,285,102,47.50,298,95.63,1,1,41,5,
England,,,,,,,,,,,,,,
KL Rahul,2019-2022,5,5,0,282,102,56.40,320,88.12,1,1,27,6,
West Indies,,,,,,,,,,,,,,
V Kohli,2019-2023,10,10,0,279,60,27.90,330,84.54,0,2,27,3,
New Zealand,,,,,,,,,,,,,,
SS Iyer,2020-2023,9,9,1,270,105,33.75,261,103.44,1,0,26,6,
Australia,,,,,,,,,,,,,,
Shubman Gill,2020-2023,6,6,0,268,104,44.66,281,95.37,1,1,22,8,
Australia,,,,,,,,,,,,,,
KL Rahul,2019-2023,6,5,1,260,111,65.00,300,86.66,1,1,24,2,
Sri Lanka,,,,,,,,,,,,,,
Shubman Gill,2023-2023,5,5,1,253,116,63.25,213,118.77,1,1,38,2,
Sri Lanka,,,,,,,,,,,,,,
SS Iyer,2022-2022,6,6,2,245,113*,61.25,236,103.81,1,1,29,2,
South Africa,,,,,,,,,,,,,,
HH Pandya,2019-2022,7,6,0,245,71,40.83,201,121.89,0,2,22,8,
England,,,,,,,,,,,,,,
Shubman Gill,2022-2022,3,3,1,245,130,122.50,203,120.68,1,1,31,2,
Zimbabwe,,,,,,,,,,,,,,
KM Jadhav,2019-2019,7,7,3,233,81*,58.25,264,88.25,0,2,24,2,
Australia,,,,,,,,,,,,,,
V Kohli,2019-2022,6,6,0,228,66,38.00,272,83.82,0,3,23,1,
England,,,,,,,,,,,,,,
RR Pant,2019-2022,9,8,0,222,71,27.75,224,99.10,0,2,24,6,
West Indies,,,,,,,,,,,,,,
S Dhawan,2019-2022,7,6,0,216,97,36.00,269,80.29,0,2,22,4,
West Indies,,,,,,,,,,,,,,
Ishan Kishan,2022-2023,2,2,0,215,210,107.50,146,147.26,1,0,24,10,
Bangladesh,,,,,,,,,,,,,,
Ishan Kishan,2022-2023,4,4,0,212,77,53.00,201,105.47,0,3,23,6,
West Indies,,,,,,,,,,,,,,
SA Yadav,2022-2023,9,9,1,212,64,26.50,234,90.59,0,1,22,4,
West Indies,,,,,,,,,,,,,,
S Dhawan,2021-2022,6,6,1,210,98,42.00,262,80.15,0,2,26,2,
England,,,,,,,,,,,,,,
RG Sharma,2019-2023,3,3,0,207,140,69.00,184,112.50,1,1,22,7,
Pakistan,,,,,,,,,,,,,,
KL Rahul,2019-2020,4,4,1,205,112,68.33,192,106.77,1,1,12,8,
New Zealand,,,,,,,,,,,,,,
V Kohli,2019-2023,3,3,1,203,122*,101.50,166,122.28,1,1,17,3,
Pakistan,,,,,,,,,,,,,,
S Dhawan,2019-2022,7,7,0,202,79,28.85,257,78.59,0,2,22,2,
South Africa,,,,,,,,,,,,,,
KL Rahul,2019-2023,5,5,0,191,77,38.20,239,79.91,0,2,14,5,
Bangladesh,,,,,,,,,,,,,,
AT Rayudu,2019-2019,5,5,2,190,90,63.33,231,82.25,0,1,18,6,
New Zealand,,,,,,,,,,,,,,
RG Sharma,2019-2023,4,4,1,182,104,60.66,153,118.95,1,1,14,11,
Bangladesh,,,,,,,,,,,,,,
KL Rahul,2019-2021,4,4,1,177,108,59.00,184,96.19,1,1,11,6,
England,,,,,,,,,,,,,,
HH Pandya,2019-2023,7,5,0,175,54,35.00,180,97.22,0,1,14,8,
New Zealand,,,,,,,,,,,,,,
KL Rahul,2019-2023,2,2,1,168,111*,168.00,184,91.30,1,1,15,4,
Pakistan,,,,,,,,,,,,,,
S Dhawan,2022-2022,3,3,1,154,81*,77.00,202,76.23,0,1,18,0,
Zimbabwe,,,,,,,,,,,,,,
V Kohli,2019-2022,4,4,0,153,113,38.25,139,110.07,1,0,16,2,
Bangladesh,,,,,,,,,,,,,,
RA Jadeja,2019-2020,4,3,1,140,77,70.00,139,100.71,0,2,7,5,
New Zealand,,,,,,,,,,,,,,
V Kohli,2019-2022,4,4,0,134,65,33.50,186,72.04,0,2,9,0,
South Africa,,,,,,,,,,,,,,
SV Samson,2022-2023,5,5,1,132,54,33.00,136,97.05,0,2,5,8,
West Indies,,,,,,,,,,,,,,
SA Yadav,2023-2023,6,6,1,130,72*,26.00,96,135.41,0,2,12,7,
Australia,,,,,,,,,,,,,,
S Dhawan,2021-2021,3,3,1,128,86*,64.00,144,88.88,0,1,15,1,
Sri Lanka,,,,,,,,,,,,,,
HH Pandya,2019-2023,4,4,1,128,70*,42.66,111,115.31,0,1,9,5,
West Indies,,,,,,,,,,,,,,
SA Yadav,2021-2023,4,4,1,128,53,42.66,105,121.90,0,1,18,0,
Sri Lanka,,,,,,,,,,,,,,
Ishan Kishan,2022-2022,3,3,0,123,93,41.00,139,88.48,0,1,9,7,
South Africa,,,,,,,,,,,,,,
SN Thakur,2022-2022,5,3,2,123,50*,123.00,112,109.82,0,1,13,2,
South Africa,,,,,,,,,,,,,,
RG Sharma,2019-2019,1,1,1,122,122*,-,144,84.72,1,0,13,2,
South Africa,,,,,,,,,,,,,,
Shubman Gill,2023-2023,1,1,0,121,121,121.00,133,90.97,1,0,8,5,
Bangladesh,,,,,,,,,,,,,,
V Shankar,2019-2019,6,4,0,120,46,30.00,107,112.14,0,0,10,4,
Australia,,,,,,,,,,,,,,
AR Patel,2022-2023,3,3,0,118,56,39.33,107,110.28,0,1,6,6,
Bangladesh,,,,,,,,,,,,,,
SV Samson,2022-2022,3,3,3,118,86*,-,103,114.56,0,1,10,4,
South Africa,,,,,,,,,,,,,,
Ishan Kishan,2021-2023,4,4,1,116,59,38.66,125,92.80,0,1,12,3,
Sri Lanka,,,,,,,,,,,,,,
DJ Hooda,2022-2022,5,4,1,115,33,38.33,125,92.00,0,0,7,1,
West Indies,,,,,,,,,,,,,,
HH Pandya,2019-2023,3,2,0,113,87,56.50,109,103.66,0,1,9,2,
Pakistan,,,,,,,,,,,,,,
RA Jadeja,2019-2023,9,7,5,110,39*,55.00,117,94.01,0,0,8,0,
West Indies,,,,,,,,,,,,,,
SS Iyer,2022-2022,3,3,0,109,82,36.33,147,74.14,0,1,8,3,
Bangladesh,,,,,,,,,,,,,,
Washington Sundar,2022-2023,6,4,1,109,51,36.33,108,100.92,0,1,9,4,
New Zealand,,,,,,,,,,,,,,
KM Jadhav,2019-2019,7,6,2,107,40,26.75,91,117.58,0,0,11,2,
West Indies,,,,,,,,,,,,,,
PP Shaw,2021-2021,3,3,0,105,49,35.00,84,125.00,0,0,20,0,
Sri Lanka,,,,,,,,,,,,,,
KL Rahul,2019-2022,4,4,0,102,55,25.50,148,68.91,0,1,8,0,
South Africa,,,,,,,,,,,,,,
RR Pant,2022-2022,3,3,0,101,85,33.66,94,107.44,0,1,11,2,
South Africa,,,,,,,,,,,,,,
MS Dhoni,2019-2019,4,3,1,99,50,49.50,111,89.18,0,1,6,2,
New Zealand,,,,,,,,,,,,,,
KH Pandya,2021-2021,3,3,2,95,58*,95.00,74,128.37,0,1,8,2,
England,,,,,,,,,,,,,,
SS Iyer,2023-2023,3,3,0,94,38,31.33,89,105.61,0,0,10,2,
Sri Lanka,,,,,,,,,,,,,,
KM Jadhav,2019-2020,7,5,2,92,34,30.66,104,88.46,0,0,10,2,
New Zealand,,,,,,,,,,,,,,
SA Yadav,2022-2023,6,5,1,89,34*,22.25,73,121.91,0,0,7,5,
New Zealand,,,,,,,,,,,,,,
AR Patel,2022-2023,4,3,1,86,64*,43.00,64,134.37,0,1,4,6,
West Indies,,,,,,,,,,,,,,
PP Shaw,2020-2020,3,3,0,84,40,28.00,82,102.43,0,0,12,2,
New Zealand,,,,,,,,,,,,,,
Ishan Kishan,2023-2023,2,1,0,82,82,82.00,81,101.23,0,1,9,2,
Pakistan,,,,,,,,,,,,,,
HH Pandya,2019-2023,8,6,1,81,36,16.20,107,75.70,0,0,8,1,
Sri Lanka,,,,,,,,,,,,,,
RR Pant,2019-2020,3,3,0,80,36,26.66,73,109.58,0,0,7,3,
Australia,,,,,,,,,,,,,,
Shubman Gill,2022-2022,3,3,0,80,49,26.66,90,88.88,0,0,13,0,
South Africa,,,,,,,,,,,,,,
RD Gaikwad,2023-2023,2,2,0,79,71,39.50,89,88.76,0,1,12,0,
Australia,,,,,,,,,,,,,,
B Kumar,2019-2019,6,3,1,76,46,38.00,79,96.20,0,0,7,2,
Australia,,,,,,,,,,,,,,
MK Pandey,2021-2021,3,3,0,74,37,24.66,90,82.22,0,0,4,1,
Sri Lanka,,,,,,,,,,,,,,
RG Sharma,2023-2023,1,1,1,74,74*,-,59,125.42,0,1,6,5,
Nepal,,,,,,,,,,,,,,
DL Chahar,2021-2021,2,1,1,69,69*,-,82,84.14,0,1,7,1,
Sri Lanka,,,,,,,,,,,,,,
Shubman Gill,2023-2023,2,2,0,68,58,34.00,84,80.95,0,1,11,0,
Pakistan,,,,,,,,,,,,,,
V Kohli,2019-2019,1,1,0,67,67,67.00,63,106.34,0,1,5,0,
Afghanistan,,,,,,,,,,,,,,
Shubman Gill,2023-2023,1,1,1,67,67*,-,62,108.06,0,1,8,1,
Nepal,,,,,,,,,,,,,,
Washington Sundar,2022-2022,3,3,0,67,37,22.33,89,75.28,0,0,5,1,
Bangladesh,,,,,,,,,,,,,,
AR Patel,2023-2023,4,4,1,58,26,19.33,68,85.29,0,0,1,2,
Sri Lanka,,,,,,,,,,,,,,
SV Samson,2022-2022,3,2,1,58,43*,58.00,52,111.53,0,0,3,6,
Zimbabwe,,,,,,,,,,,,,,
RR Pant,2019-2022,4,3,0,57,32,19.00,95,60.00,0,0,8,0,
New Zealand,,,,,,,,,,,,,,
AT Rayudu,2019-2019,5,5,0,57,24,11.40,97,58.76,0,0,6,0,
Australia,,,,,,,,,,,,,,
Washington Sundar,2022-2022,3,2,0,57,33,28.50,75,76.00,0,0,3,1,
West Indies,,,,,,,,,,,,,,
MS Dhoni,2019-2019,1,1,1,56,56*,-,61,91.80,0,1,3,2,
West Indies,,,,,,,,,,,,,,
Ishan Kishan,2022-2022,3,2,0,56,50,28.00,74,75.67,0,1,6,0,
Zimbabwe,,,,,,,,,,,,,,
DL Chahar,2022-2022,1,1,0,54,54,54.00,34,158.82,0,1,5,2,
South Africa,,,,,,,,,,,,,,
Kuldeep Yadav,2019-2023,16,9,1,54,17,6.75,97,55.67,0,0,4,0,
Australia,,,,,,,,,,,,,,
SN Thakur,2020-2023,7,5,0,54,25,10.80,43,125.58,0,0,7,1,
New Zealand,,,,,,,,,,,,,,
Mohammed Shami,2019-2023,17,10,2,53,14,6.62,58,91.37,0,0,5,2,
Australia,,,,,,,,,,,,,,
NA Saini,2020-2020,2,2,1,53,45,53.00,55,96.36,0,0,7,2,
New Zealand,,,,,,,,,,,,,,
Ishan Kishan,2023-2023,3,3,0,52,31,17.33,52,100.00,0,0,4,2,
Australia,,,,,,,,,,,,,,
KM Jadhav,2019-2019,1,1,0,52,52,52.00,68,76.47,0,1,3,1,
Afghanistan,,,,,,,,,,,,,,
SN Thakur,2019-2023,10,6,2,52,17*,13.00,58,89.65,0,0,6,1,
West Indies,,,,,,,,,,,,,,
MA Agarwal,2020-2020,2,2,0,50,28,25.00,44,113.63,0,0,6,1,
Australia,,,,,,,,,,,,,,
RR Pant,2019-2019,1,1,0,48,48,48.00,41,117.07,0,0,6,1,
Bangladesh,,,,,,,,,,,,,,
SV Samson,2021-2021,1,1,0,46,46,46.00,46,100.00,0,0,5,1,
Sri Lanka,,,,,,,,,,,,,,
V Shankar,2019-2019,3,1,0,45,45,45.00,64,70.31,0,0,4,0,
New Zealand,,,,,,,,,,,,,,
DL Chahar,2019-2022,3,2,1,44,38,44.00,46,95.65,0,0,4,2,
West Indies,,,,,,,,,,,,,,
KD Karthik,2019-2019,3,3,1,44,38*,22.00,66,66.66,0,0,6,1,
New Zealand,,,,,,,,,,,,,,
SA Yadav,2022-2022,3,2,0,43,27,21.50,57,75.43,0,0,2,1,
England,,,,,,,,,,,,,,
MS Dhoni,2019-2019,1,1,1,42,42*,-,31,135.48,0,0,4,1,
England,,,,,,,,,,,,,,
MK Pandey,2020-2020,1,1,0,42,42,42.00,48,87.50,0,0,2,0,
New Zealand,,,,,,,,,,,,,,
YS Chahal,2019-2023,12,5,2,41,18*,13.66,77,53.24,0,0,5,0,
New Zealand,,,,,,,,,,,,,,
NA Saini,2020-2020,4,2,2,39,29*,-,45,86.66,0,0,2,1,
Australia,,,,,,,,,,,,,,
SA Yadav,2022-2022,1,1,0,39,39,39.00,32,121.87,0,0,4,1,
South Africa,,,,,,,,,,,,,,
KD Karthik,2019-2019,3,2,1,37,25*,37.00,35,105.71,0,0,2,0,
Australia,,,,,,,,,,,,,,
MA Agarwal,2020-2020,3,3,0,36,32,12.00,39,92.30,0,0,6,0,
New Zealand,,,,,,,,,,,,,,
RA Jadeja,2022-2022,3,2,1,36,29,36.00,59,61.01,0,0,1,1,
England,,,,,,,,,,,,,,
SV Samson,2022-2022,1,1,0,36,36,36.00,38,94.73,0,0,4,0,
New Zealand,,,,,,,,,,,,,,
MS Dhoni,2019-2019,1,1,0,35,35,35.00,33,106.06,0,0,4,0,
Bangladesh,,,,,,,,,,,,,,
KH Pandya,2021-2021,2,1,0,35,35,35.00,54,64.81,0,0,3,0,
Sri Lanka,,,,,,,,,,,,,,
MS Dhoni,2019-2019,1,1,0,34,34,34.00,46,73.91,0,0,2,0,
South Africa,,,,,,,,,,,,,,
R Ashwin,2022-2022,2,2,1,32,25*,32.00,37,86.48,0,0,1,1,
South Africa,,,,,,,,,,,,,,
AR Patel,2023-2023,2,2,1,31,29*,31.00,33,93.93,0,0,1,2,
Australia,,,,,,,,,,,,,,
KL Rahul,2022-2022,3,2,0,31,30,15.50,51,60.78,0,0,1,1,
Zimbabwe,,,,,,,,,,,,,,
Ishan Kishan,2023-2023,3,3,1,30,17,15.00,47,63.82,0,0,3,1,
New Zealand,,,,,,,,,,,,,,
KL Rahul,2019-2019,1,1,0,30,30,30.00,53,56.60,0,0,2,0,
Afghanistan,,,,,,,,,,,,,,
SN Thakur,2021-2021,3,2,1,30,30,30.00,21,142.85,0,0,1,3,
England,,,,,,,,,,,,,,
V Shankar,2019-2019,1,1,0,29,29,29.00,41,70.73,0,0,2,0,
Afghanistan,,,,,,,,,,,,,,
MS Dhoni,2019-2019,1,1,0,28,28,28.00,52,53.84,0,0,3,0,
Afghanistan,,,,,,,,,,,,,,
JJ Bumrah,2019-2022,4,2,1,26,14*,26.00,38,68.42,0,0,3,0,
South Africa,,,,,,,,,,,,,,
DJ Hooda,2022-2022,3,2,0,26,25,13.00,39,66.66,0,0,3,0,
Zimbabwe,,,,,,,,,,,,,,
SA Yadav,2023-2023,1,1,0,26,26,26.00,34,76.47,0,0,3,0,
Bangladesh,,,,,,,,,,,,,,
VR Iyer,2022-2022,2,2,0,24,22,12.00,40,60.00,0,0,0,1,
South Africa,,,,,,,,,,,,,,
Kuldeep Yadav,2019-2023,8,3,1,23,15,11.50,42,54.76,0,0,1,0,
New Zealand,,,,,,,,,,,,,,
Mohammed Shami,2019-2022,4,1,0,23,23,23.00,28,82.14,0,0,2,1,
England,,,,,,,,,,,,,,
SN Thakur,2022-2023,4,4,0,23,11,5.75,44,52.27,0,0,0,0,
Bangladesh,,,,,,,,,,,,,,
RD Gaikwad,2022-2022,1,1,0,19,19,19.00,42,45.23,0,0,1,0,
South Africa,,,,,,,,,,,,,,
B Kumar,2019-2021,3,1,1,19,19*,-,28,67.85,0,0,2,0,
Sri Lanka,,,,,,,,,,,,,,
S Dhawan,2022-2022,3,3,0,18,8,6.00,35,51.42,0,0,2,0,
Bangladesh,,,,,,,,,,,,,,
Washington Sundar,2023-2023,1,1,0,18,18,18.00,30,60.00,0,0,1,1,
Australia,,,,,,,,,,,,,,
JJ Bumrah,2019-2023,3,1,0,16,16,16.00,14,114.28,0,0,3,0,
Pakistan,,,,,,,,,,,,,,
HH Pandya,2019-2019,1,1,1,15,15*,-,7,214.28,0,0,3,0,
South Africa,,,,,,,,,,,,,,
NA Saini,2021-2021,1,1,0,15,15,15.00,37,40.54,0,0,0,0,
Sri Lanka,,,,,,,,,,,,,,
V Shankar,2019-2019,1,1,1,15,15*,-,15,100.00,0,0,1,0,
Pakistan,,,,,,,,,,,,,,
SS Iyer,2023-2023,1,1,0,14,14,14.00,9,155.55,0,0,2,0,
Pakistan,,,,,,,,,,,,,,
RA Jadeja,2023-2023,2,1,0,14,14,14.00,22,63.63,0,0,1,0,
Pakistan,,,,,,,,,,,,,,
V Shankar,2019-2019,1,1,0,14,14,14.00,19,73.68,0,0,3,0,
West Indies,,,,,,,,,,,,,,
RD Chahar,2021-2021,1,1,0,13,13,13.00,25,52.00,0,0,0,0,
Sri Lanka,,,,,,,,,,,,,,
Kuldeep Yadav,2019-2023,10,3,2,13,8*,13.00,32,40.62,0,0,1,0,
West Indies,,,,,,,,,,,,,,
SN Thakur,2020-2023,5,1,0,13,13,13.00,10,130.00,0,0,2,0,
Australia,,,,,,,,,,,,,,
JJ Bumrah,2019-2023,14,8,5,12,6*,4.00,24,50.00,0,0,1,1,
Australia,,,,,,,,,,,,,,
DL Chahar,2022-2022,2,1,0,12,12,12.00,9,133.33,0,0,0,2,
New Zealand,,,,,,,,,,,,,,
DJ Hooda,2022-2022,2,1,0,12,12,12.00,25,48.00,0,0,0,0,
New Zealand,,,,,,,,,,,,,,
KM Jadhav,2019-2019,1,1,1,12,12*,-,13,92.30,0,0,1,0,
England,,,,,,,,,,,,,,
Mohammed Siraj,2023-2023,5,2,2,12,7*,-,27,44.44,0,0,0,0,
Sri Lanka,,,,,,,,,,,,,,
YS Chahal,2019-2022,7,1,1,11,11*,-,10,110.00,0,0,1,0,
West Indies,,,,,,,,,,,,,,
DL Chahar,2022-2022,2,2,0,11,11,5.50,21,52.38,0,0,0,1,
Bangladesh,,,,,,,,,,,,,,
Mohammed Siraj,2022-2022,3,3,1,11,9,5.50,34,32.35,0,0,1,0,
Bangladesh,,,,,,,,,,,,,,
Avesh Khan,2022-2022,1,1,0,10,10,10.00,12,83.33,0,0,2,0,
West Indies,,,,,,,,,,,,,,
Kuldeep Yadav,2019-2023,7,2,1,10,10*,10.00,11,90.90,0,0,2,0,
Sri Lanka,,,,,,,,,,,,,,
MK Pandey,2020-2020,2,2,1,10,8*,10.00,8,125.00,0,0,2,0,
Australia,,,,,,,,,,,,,,
Arshdeep Singh,2022-2022,3,1,0,9,9,9.00,9,100.00,0,0,0,1,
New Zealand,,,,,,,,,,,,,,
S Dube,2019-2019,1,1,0,9,9,9.00,6,150.00,0,0,1,0,
West Indies,,,,,,,,,,,,,,
KM Jadhav,2019-2019,1,1,1,9,9*,-,8,112.50,0,0,1,0,
Pakistan,,,,,,,,,,,,,,
Mohammed Siraj,2022-2022,6,4,2,9,4,4.50,14,64.28,0,0,1,0,
West Indies,,,,,,,,,,,,,,
SN Thakur,2022-2022,2,1,0,9,9,9.00,6,150.00,0,0,2,0,
Zimbabwe,,,,,,,,,,,,,,
RD Gaikwad,2023-2023,1,1,0,8,8,8.00,14,57.14,0,0,1,0,
West Indies,,,,,,,,,,,,,,
KD Karthik,2019-2019,1,1,0,8,8,8.00,9,88.88,0,0,1,0,
Bangladesh,,,,,,,,,,,,,,
RA Jadeja,2023-2023,1,1,0,7,7,7.00,12,58.33,0,0,0,0,
Bangladesh,,,,,,,,,,,,,,
B Kumar,2019-2019,6,3,0,7,6,2.33,21,33.33,0,0,0,0,
New Zealand,,,,,,,,,,,,,,
Mohammed Shami,2019-2023,2,2,0,7,6,3.50,8,87.50,0,0,1,0,
Bangladesh,,,,,,,,,,,,,,
HH Pandya,2019-2019,1,1,0,7,7,7.00,9,77.77,0,0,0,0,
Afghanistan,,,,,,,,,,,,,,
AR Patel,2022-2022,3,2,1,7,6*,7.00,11,63.63,0,0,1,0,
Zimbabwe,,,,,,,,,,,,,,
N Rana,2021-2021,1,1,0,7,7,7.00,14,50.00,0,0,0,0,
Sri Lanka,,,,,,,,,,,,,,
SS Iyer,2021-2022,2,1,0,6,6,6.00,9,66.66,0,0,1,0,
England,,,,,,,,,,,,,,
Mukesh Kumar,2023-2023,3,1,0,6,6,6.00,7,85.71,0,0,1,0,
West Indies,,,,,,,,,,,,,,
KK Ahmed,2019-2019,1,1,0,5,5,5.00,5,100.00,0,0,1,0,
New Zealand,,,,,,,,,,,,,,
JJ Bumrah,2019-2023,3,1,0,5,5,5.00,12,41.66,0,0,0,0,
Sri Lanka,,,,,,,,,,,,,,
NT Tilak Varma,2023-2023,1,1,0,5,5,5.00,9,55.55,0,0,1,0,
Bangladesh,,,,,,,,,,,,,,
YS Chahal,2019-2020,5,2,1,4,4*,4.00,7,57.14,0,0,0,0,
Australia,,,,,,,,,,,,,,
RA Jadeja,2019-2023,3,1,0,4,4,4.00,19,21.05,0,0,0,0,
Sri Lanka,,,,,,,,,,,,,,
Kuldeep Yadav,2019-2023,3,1,0,4,4,4.00,13,30.76,0,0,0,0,
Pakistan,,,,,,,,,,,,,,
B Kumar,2019-2022,3,1,0,4,4,4.00,11,36.36,0,0,0,0,
South Africa,,,,,,,,,,,,,,
Mohammed Shami,2023-2023,3,1,1,4,4*,-,4,100.00,0,0,0,0,
Sri Lanka,,,,,,,,,,,,,,
Mohammed Siraj,2019-2023,5,3,1,4,3*,2.00,16,25.00,0,0,0,0,
Australia,,,,,,,,,,,,,,
RR Pant,2019-2019,1,1,0,4,4,4.00,4,100.00,0,0,1,0,
Sri Lanka,,,,,,,,,,,,,,
Ravi Bishnoi,2022-2022,1,1,1,4,4*,-,2,200.00,0,0,1,0,
South Africa,,,,,,,,,,,,,,
Avesh Khan,2022-2022,3,1,0,3,3,3.00,6,50.00,0,0,0,0,
South Africa,,,,,,,,,,,,,,
YS Chahal,2019-2022,4,1,0,3,3,3.00,13,23.07,0,0,0,0,
England,,,,,,,,,,,,,,
Kuldeep Yadav,2022-2022,1,1,1,3,3*,-,3,100.00,0,0,0,0,
Bangladesh,,,,,,,,,,,,,,
B Kumar,2021-2021,3,1,0,3,3,3.00,5,60.00,0,0,0,0,
England,,,,,,,,,,,,,,
Mohammed Shami,2019-2023,7,2,1,3,2*,3.00,3,100.00,0,0,0,0,
New Zealand,,,,,,,,,,,,,,
Mohammed Shami,2019-2019,7,3,2,3,3*,3.00,8,37.50,0,0,0,0,
West Indies,,,,,,,,,,,,,,
SN Thakur,2023-2023,2,1,0,3,3,3.00,3,100.00,0,0,0,0,
Pakistan,,,,,,,,,,,,,,
JJ Bumrah,2019-2022,3,1,1,2,2*,-,6,33.33,0,0,0,0,
England,,,,,,,,,,,,,,
YS Chahal,2019-2022,4,1,0,2,2,2.00,6,33.33,0,0,0,0,
South Africa,,,,,,,,,,,,,,
K Gowtham,2021-2021,1,1,0,2,2,2.00,3,66.66,0,0,0,0,
Sri Lanka,,,,,,,,,,,,,,
Kuldeep Yadav,2022-2022,3,1,1,2,2*,-,2,100.00,0,0,0,0,
Zimbabwe,,,,,,,,,,,,,,
B Kumar,2019-2019,1,1,0,2,2,2.00,3,66.66,0,0,0,0,
Bangladesh,,,,,,,,,,,,,,
M Prasidh Krishna,2022-2022,1,1,1,2,2*,-,3,66.66,0,0,0,0,
South Africa,,,,,,,,,,,,,,
KR Sen,2022-2022,1,1,1,2,2*,-,4,50.00,0,0,0,0,
Bangladesh,,,,,,,,,,,,,,
Umran Malik,2022-2023,4,2,2,2,2*,-,9,22.22,0,0,0,0,
New Zealand,,,,,,,,,,,,,,
J Yadav,2022-2022,1,1,0,2,2,2.00,6,33.33,0,0,0,0,
South Africa,,,,,,,,,,,,,,
JJ Bumrah,2019-2019,1,1,1,1,1*,-,1,100.00,0,0,0,0,
Afghanistan,,,,,,,,,,,,,,
DL Chahar,2022-2022,2,1,1,1,1*,-,1,100.00,0,0,0,0,
Zimbabwe,,,,,,,,,,,,,,
MS Dhoni,2019-2019,1,1,0,1,1,1.00,2,50.00,0,0,0,0,
Pakistan,,,,,,,,,,,,,,
Kuldeep Yadav,2019-2019,1,1,1,1,1*,-,1,100.00,0,0,0,0,
Afghanistan,,,,,,,,,,,,,,
B Kumar,2019-2019,3,1,0,1,1,1.00,2,50.00,0,0,0,0,
West Indies,,,,,,,,,,,,,,
Mohammed Shami,2019-2019,1,1,0,1,1,1.00,2,50.00,0,0,0,0,
Afghanistan,,,,,,,,,,,,,,
Mohammed Siraj,2023-2023,2,1,1,1,1*,-,1,100.00,0,0,0,0,
Pakistan,,,,,,,,,,,,,,
RG Sharma,2019-2019,1,1,0,1,1,1.00,10,10.00,0,0,0,0,
Afghanistan,,,,,,,,,,,,,,
JJ Bumrah,2019-2019,1,1,1,0,0*,-,0,-,0,0,0,0,
Bangladesh,,,,,,,,,,,,,,
JJ Bumrah,2019-2020,4,2,2,0,0*,-,1,0.00,0,0,0,0,
New Zealand,,,,,,,,,,,,,,
Kuldeep Yadav,2019-2022,4,1,0,0,0,0.00,1,0.00,0,0,0,0,
South Africa,,,,,,,,,,,,,,
T Natarajan,2021-2021,1,1,1,0,0*,-,0,-,0,0,0,0,
England,,,,,,,,,,,,,,
HH Pandya,2019-2019,1,1,0,0,0,0.00,2,0.00,0,0,0,0,
Bangladesh,,,,,,,,,,,,,,
M Prasidh Krishna,2023-2023,2,1,1,0,0*,-,3,0.00,0,0,0,0,
Australia,,,,,,,,,,,,,,
M Prasidh Krishna,2023-2023,1,1,1,0,0*,-,2,0.00,0,0,0,0,
Bangladesh,,,,,,,,,,,,,,
M Prasidh Krishna,2021-2022,6,2,0,0,0,0.00,6,0.00,0,0,0,0,
England,,,,,,,,,,,,,,
M Prasidh Krishna,2022-2022,5,2,2,0,0*,-,3,0.00,0,0,0,0,
West Indies,,,,,,,,,,,,,,
Shahbaz Ahmed,2022-2022,1,1,0,0,0,0.00,4,0.00,0,0,0,0,
Bangladesh,,,,,,,,,,,,,,
C Sakariya,2021-2021,1,1,1,0,0*,-,1,0.00,0,0,0,0,
Sri Lanka,,,,,,,,,,,,,,
Umran Malik,2022-2022,2,1,1,0,0*,-,0,-,0,0,0,0,
Bangladesh,,,,,,,,,,,,,,
Umran Malik,2023-2023,2,1,0,0,0,0.00,2,0.00,0,0,0,0,
West Indies,,,,,,,,,,,,,,
KK Ahmed,2019-2019,1,-,-,-,-,-,-,-,-,-,-,-,
Australia,,,,,,,,,,,,,,
KK Ahmed,2019-2019,3,-,-,-,-,-,-,-,-,-,-,-,
West Indies,,,,,,,,,,,,,,
R Ashwin,2023-2023,2,-,-,-,-,-,-,-,-,-,-,-,
Australia,,,,,,,,,,,,,,
Avesh Khan,2022-2022,1,-,-,-,-,-,-,-,-,-,-,-,
Zimbabwe,,,,,,,,,,,,,,
JJ Bumrah,2019-2019,1,-,-,-,-,-,-,-,-,-,-,-,
West Indies,,,,,,,,,,,,,,
YS Chahal,2019-2019,1,-,-,-,-,-,-,-,-,-,-,-,
Afghanistan,,,,,,,,,,,,,,
YS Chahal,2019-2019,1,-,-,-,-,-,-,-,-,-,-,-,
Bangladesh,,,,,,,,,,,,,,
YS Chahal,2019-2019,1,-,-,-,-,-,-,-,-,-,-,-,
Pakistan,,,,,,,,,,,,,,
YS Chahal,2021-2023,3,-,-,-,-,-,-,-,-,-,-,-,
Sri Lanka,,,,,,,,,,,,,,
MS Dhoni,2019-2019,1,-,-,-,-,-,-,-,-,-,-,-,
Sri Lanka,,,,,,,,,,,,,,
Ishan Kishan,2023-2023,1,-,-,-,-,-,-,-,-,-,-,-,
Nepal,,,,,,,,,,,,,,
SS Iyer,2023-2023,1,-,-,-,-,-,-,-,-,-,-,-,
Nepal,,,,,,,,,,,,,,
RA Jadeja,2023-2023,1,-,-,-,-,-,-,-,-,-,-,-,
Nepal,,,,,,,,,,,,,,
KM Jadhav,2019-2019,1,-,-,-,-,-,-,-,-,-,-,-,
South Africa,,,,,,,,,,,,,,
KD Karthik,2019-2019,1,-,-,-,-,-,-,-,-,-,-,-,
Sri Lanka,,,,,,,,,,,,,,
V Kohli,2023-2023,1,-,-,-,-,-,-,-,-,-,-,-,
Nepal,,,,,,,,,,,,,,
Kuldeep Yadav,2019-2021,3,-,-,-,-,-,-,-,-,-,-,-,
England,,,,,,,,,,,,,,
Kuldeep Yadav,2023-2023,1,-,-,-,-,-,-,-,-,-,-,-,
Nepal,,,,,,,,,,,,,,
B Kumar,2019-2019,1,-,-,-,-,-,-,-,-,-,-,-,
Pakistan,,,,,,,,,,,,,,
Mohammed Shami,2023-2023,1,-,-,-,-,-,-,-,-,-,-,-,
Nepal,,,,,,,,,,,,,,
Mohammed Siraj,2022-2022,1,-,-,-,-,-,-,-,-,-,-,-,
England,,,,,,,,,,,,,,
